{
	"parent": "item/handheld",
	"textures": {
		"layer0": "item/diamond_hoe"
	},
	"overrides": [
		{ "predicate": { "damage": 0 }, "model": "item/diamond_hoe" },
		{ "predicate": { "damaged": 0, "damage": 0.001280409731114 }, "model": "item/custom/dihoe/model2" },
		{ "predicate": { "damaged": 0, "damage": 0.001920614596671 }, "model": "item/custom/dihoe/model3" },
		{ "predicate": { "damaged": 0, "damage": 0.002560819462228 }, "model": "item/custom/dihoe/model4" },
		{ "predicate": { "damaged": 0, "damage": 0.003201024327785 }, "model": "item/custom/dihoe/model5" },
		{ "predicate": { "damaged": 0, "damage": 0.003841229193342 }, "model": "item/custom/dihoe/model6" },
		{ "predicate": { "damaged": 0, "damage": 0.004481434058899 }, "model": "item/custom/dihoe/model7" },
		{ "predicate": { "damaged": 0, "damage": 0.005121638924456 }, "model": "item/custom/dihoe/model8" },
		{ "predicate": { "damaged": 0, "damage": 0.005761843790013 }, "model": "item/custom/dihoe/model9" },
		{ "predicate": { "damaged": 0, "damage": 0.00640204865557 }, "model": "item/custom/dihoe/model10" },
		{ "predicate": { "damaged": 0, "damage": 0.007042253521127 }, "model": "item/custom/dihoe/model11" },
		{ "predicate": { "damaged": 0, "damage": 0.007682458386684 }, "model": "item/custom/dihoe/model12" },
		{ "predicate": { "damaged": 0, "damage": 0.008322663252241 }, "model": "item/custom/dihoe/model13" },
		{ "predicate": { "damaged": 0, "damage": 0.008962868117798 }, "model": "item/custom/dihoe/model14" },
		{ "predicate": { "damaged": 0, "damage": 0.009603072983355 }, "model": "item/custom/dihoe/model15" },
		{ "predicate": { "damaged": 0, "damage": 0.010243277848912 }, "model": "item/custom/dihoe/model16" },
		{ "predicate": { "damaged": 0, "damage": 0.010883482714469 }, "model": "item/custom/dihoe/model17" },
		{ "predicate": { "damaged": 0, "damage": 0.011523687580026 }, "model": "item/custom/dihoe/model18" },
		{ "predicate": { "damaged": 0, "damage": 0.012163892445583 }, "model": "item/custom/dihoe/model19" },
		{ "predicate": { "damaged": 0, "damage": 0.01280409731114 }, "model": "item/custom/dihoe/model20" },
		{ "predicate": { "damaged": 0, "damage": 0.013444302176697 }, "model": "item/custom/dihoe/model21" },
		{ "predicate": { "damaged": 0, "damage": 0.014093529788597 }, "model": "item/custom/dihoe/model22" },
		{ "predicate": { "damaged": 0, "damage": 0.014734144778988 }, "model": "item/custom/dihoe/model23" },
		{ "predicate": { "damaged": 0, "damage": 0.015374759769379 }, "model": "item/custom/dihoe/model24" },
		{ "predicate": { "damaged": 1 }, "model": "item/diamond_hoe" }
	]
}